[{"fields": {"name": "duelink_admin", "permissions": [["add_course", "DueLink", "course"], ["change_course", "DueLink", "course"], ["delete_course", "DueLink", "course"], ["add_school", "DueLink", "school"], ["change_school", "DueLink", "school"], ["delete_school", "DueLink", "school"]]}, "model": "auth.group", "pk": 1}, {"fields": {"username": "admin2", "first_name": "", "last_name": "", "is_active": true, "is_superuser": false, "is_staff": false, "last_login": "2015-11-29T09:41:50.683Z", "groups": [["duelink_admin"]], "user_permissions": [], "password": "pbkdf2_sha256$20000$hTAmxFTjjs5n$vFmc/Go/u8IjYOxqAG7Q/7v4sTgCgFhndSRKqyc1sDw=", "email": "ssdfsd@dfsf.com", "date_joined": "2015-11-22T06:13:13.430Z"}, "model": "auth.user", "pk": 1}, {"fields": {"username": "admin3", "first_name": "", "last_name": "", "is_active": true, "is_superuser": false, "is_staff": false, "last_login": "2015-11-30T22:23:15.859Z", "groups": [["duelink_admin"]], "user_permissions": [], "password": "pbkdf2_sha256$20000$m7WG4kMU8k9N$Ezrxb/faIq3gBRV5ph+1mEdCYrAhxIXBWGZ5Nu2Q5cs=", "email": "xfwes@sfs.com", "date_joined": "2015-11-22T18:58:31.069Z"}, "model": "auth.user", "pk": 2}, {"fields": {"username": "admin4", "first_name": "", "last_name": "", "is_active": true, "is_superuser": false, "is_staff": false, "last_login": "2015-11-23T20:03:56.413Z", "groups": [], "user_permissions": [], "password": "pbkdf2_sha256$20000$Vxq5fPoO96mV$kSuNF11lCZVLrGOC+yHN8H7WckwHnSJ+Cvr1MKShxYo=", "email": "xgy1999@fgf.com", "date_joined": "2015-11-23T20:03:56.135Z"}, "model": "auth.user", "pk": 3}, {"fields": {"expire_date": "2015-12-14T22:23:15.861Z", "session_data": "N2JjMTVmMTg3N2FmMjU0MDg5YjZjNTAwYWJmYjFiNjdkMGU5MTg2ZTp7Il9hdXRoX3VzZXJfaGFzaCI6ImE4ODQxMWRkOTE4MGM3ZTQ2MzJlYzM4YWIxYzkyYzkwZmRlNDViYTEiLCJfYXV0aF91c2VyX2JhY2tlbmQiOiJkamFuZ28uY29udHJpYi5hdXRoLmJhY2tlbmRzLk1vZGVsQmFja2VuZCIsIl9hdXRoX3VzZXJfaWQiOiIyIn0="}, "model": "sessions.session", "pk": "mt8p2hbwravgkdmb2zipw3hfbfb9a9qa"}, {"fields": {"expire_date": "2015-12-13T08:21:27.346Z", "session_data": "ZWIwNDY1OGFhN2MzYzI5OTEyMDUwMGMwZjE2M2IwNTBhZmM2NDkyMDp7Il9hdXRoX3VzZXJfaGFzaCI6ImUxYzE0MWFlZWYwYjkxYzA5NTJkZjBkNmQxNTcxNTY3ZTM2OTFjNzMiLCJfYXV0aF91c2VyX2JhY2tlbmQiOiJkamFuZ28uY29udHJpYi5hdXRoLmJhY2tlbmRzLk1vZGVsQmFja2VuZCIsIl9hdXRoX3VzZXJfaWQiOiIxIn0="}, "model": "sessions.session", "pk": "tx1h0ljmfhu0dky5pqnn8d4kwjyr1wku"}, {"fields": {"expire_date": "2015-12-13T09:41:50.684Z", "session_data": "ZWIwNDY1OGFhN2MzYzI5OTEyMDUwMGMwZjE2M2IwNTBhZmM2NDkyMDp7Il9hdXRoX3VzZXJfaGFzaCI6ImUxYzE0MWFlZWYwYjkxYzA5NTJkZjBkNmQxNTcxNTY3ZTM2OTFjNzMiLCJfYXV0aF91c2VyX2JhY2tlbmQiOiJkamFuZ28uY29udHJpYi5hdXRoLmJhY2tlbmRzLk1vZGVsQmFja2VuZCIsIl9hdXRoX3VzZXJfaWQiOiIxIn0="}, "model": "sessions.session", "pk": "vuujr9ywzglfu8rh170hyi7xcacp8k18"}, {"fields": {"name": "Central Michigan University"}, "model": "DueLink.school", "pk": 1}, {"fields": {"name": "New school"}, "model": "DueLink.school", "pk": 2}, {"fields": {"name": "testxxx"}, "model": "DueLink.school", "pk": 3}, {"fields": {"name": "test2"}, "model": "DueLink.school", "pk": 4}, {"fields": {"name": "test3"}, "model": "DueLink.school", "pk": 5}, {"fields": {"nick_name": "kkakakak", "friends": [["admin3"]], "school": 1, "profile_image": "default_user.jpg", "user": ["admin2"]}, "model": "DueLink.profile", "pk": 1}, {"fields": {"nick_name": "papala", "friends": [["admin2"]], "school": 1, "profile_image": "default_user.jpg", "user": ["admin3"]}, "model": "DueLink.profile", "pk": 2}, {"fields": {"nick_name": "Drump", "friends": [], "school": 1, "profile_image": "default_user.jpg", "user": ["admin4"]}, "model": "DueLink.profile", "pk": 3}, {"fields": {"school": 1, "course_name": "ics", "students": [], "section": "True", "course_number": "15213", "instructor": "DaveO"}, "model": "DueLink.course", "pk": 1}, {"fields": {"school": 1, "course_name": "Intro to Computer System", "students": [], "section": "True", "course_number": "15513", "instructor": "Rb"}, "model": "DueLink.course", "pk": 2}, {"fields": {"school": 1, "course_name": "ics", "students": [], "section": "A", "course_number": "15213", "instructor": "RB"}, "model": "DueLink.course", "pk": 10}, {"fields": {"school": 1, "course_name": "ics", "students": [], "section": "B", "course_number": "15213", "instructor": ""}, "model": "DueLink.course", "pk": 11}, {"fields": {"school": 1, "course_name": "ics", "students": [], "section": "C", "course_number": "15213", "instructor": "RB"}, "model": "DueLink.course", "pk": 12}, {"fields": {"students": [["admin2"]], "course": 1, "name": "Malloclab", "due": "2015-11-22T19:00:00Z"}, "model": "DueLink.deadline", "pk": 1}, {"fields": {"students": [["admin3"]], "course": 2, "name": "Proxy lab", "due": "2015-11-22T12:30:00Z"}, "model": "DueLink.deadline", "pk": 2}, {"fields": {"students": [["admin3"]], "course": 2, "name": "Watch videos", "due": "2015-11-23T07:30:00Z"}, "model": "DueLink.deadline", "pk": 3}, {"fields": {"students": [["admin2"]], "course": 2, "name": "Debug Safari ", "due": "2015-11-23T19:00:00Z"}, "model": "DueLink.deadline", "pk": 4}, {"fields": {"students": [["admin2"]], "course": 1, "name": "Display event post", "due": "2015-11-29T15:52:00Z"}, "model": "DueLink.deadline", "pk": 6}, {"fields": {"students": [["admin2"]], "course": 1, "name": "Display again", "due": "2015-11-29T01:57:00Z"}, "model": "DueLink.deadline", "pk": 7}, {"fields": {"students": [["admin2"]], "course": 2, "name": "test js print", "due": "2015-11-29T06:15:00Z"}, "model": "DueLink.deadline", "pk": 8}, {"fields": {"students": [["admin2"]], "course": 10, "name": "test again", "due": "2015-11-29T12:34:00Z"}, "model": "DueLink.deadline", "pk": 9}, {"fields": {"students": [["admin2"]], "course": 10, "name": "test form", "due": "2015-11-29T13:44:00Z"}, "model": "DueLink.deadline", "pk": 10}, {"fields": {"students": [["admin2"]], "course": 2, "name": "Test3", "due": "2015-11-29T04:30:00Z"}, "model": "DueLink.deadline", "pk": 11}, {"fields": {"created_time": "2015-11-22T06:15:20.322Z", "finished": false, "deadline": 1, "user": ["admin2"]}, "model": "DueLink.dueevent", "pk": 1}, {"fields": {"created_time": "2015-11-22T21:03:15.999Z", "finished": false, "deadline": 2, "user": ["admin3"]}, "model": "DueLink.dueevent", "pk": 2}, {"fields": {"created_time": "2015-11-23T01:44:01.313Z", "finished": false, "deadline": 3, "user": ["admin3"]}, "model": "DueLink.dueevent", "pk": 3}, {"fields": {"created_time": "2015-11-23T08:05:09.718Z", "finished": false, "deadline": 4, "user": ["admin2"]}, "model": "DueLink.dueevent", "pk": 4}, {"fields": {"created_time": "2015-11-29T08:05:16.611Z", "finished": false, "deadline": 6, "user": ["admin2"]}, "model": "DueLink.dueevent", "pk": 6}, {"fields": {"created_time": "2015-11-29T08:06:54.533Z", "finished": false, "deadline": 7, "user": ["admin2"]}, "model": "DueLink.dueevent", "pk": 7}, {"fields": {"created_time": "2015-11-29T08:07:10.973Z", "finished": false, "deadline": 8, "user": ["admin2"]}, "model": "DueLink.dueevent", "pk": 8}, {"fields": {"created_time": "2015-11-29T08:07:30.326Z", "finished": false, "deadline": 9, "user": ["admin2"]}, "model": "DueLink.dueevent", "pk": 9}, {"fields": {"created_time": "2015-11-29T08:23:20.520Z", "finished": false, "deadline": 10, "user": ["admin2"]}, "model": "DueLink.dueevent", "pk": 10}, {"fields": {"created_time": "2015-11-29T09:16:03.575Z", "finished": false, "deadline": 11, "user": ["admin2"]}, "model": "DueLink.dueevent", "pk": 11}, {"fields": {"created_time": "2015-11-23T04:35:06.272Z", "finished": false, "event": 1, "description": "GDB"}, "model": "DueLink.task", "pk": 1}, {"fields": {"created_time": "2015-11-29T08:47:25.695Z", "finished": true, "event": 1, "description": "Test"}, "model": "DueLink.task", "pk": 2}, {"fields": {"created_time": "2015-11-29T18:11:25.734Z", "finished": false, "event": 1, "description": "new task"}, "model": "DueLink.task", "pk": 3}]